Quantity,Name,Set,SetCode,CollectorNumber,Category,SecondaryCategory,Label,Price,Collection,Modifier,Salt,Color,Manavalue,Rarity,ScryfallCode,Cardtypes,Cardtext
1,Abstergo Entertainment,Assassin's Creed,acr,Land,"",default,Normal,79,0.31,"",0,rare,4d197866-7633-493c-80dd-ec3a09165934,"Land",2.99,not owned,"{T}: Add {C}. {1}, {T}: Add one mana of any color. {3}, {T}, Exile Abstergo Entertainment: Return up to one target historic card from your graveyard to your hand, then exile all graveyards. (Artifacts, legendaries, and Sagas are historic.)
1,Acidic Slime,Commander Masters,cmm,Removal,"",default,Normal,270,0.3,"Green",5,uncommon,932d48fb-42b5-4aaa-a91c-d35cdb5e41a3,"Creature",0.12,not owned,"Deathtouch (Any amount of damage this deals to a creature is enough to destroy it.) When this creature enters, destroy target artifact, enchantment, or land.
1,"Baird, Steward of Argive",Bloomburrow Commander,blc,Protection,"",default,Normal,135,0.47,"White",4,uncommon,5165b4fa-ce48-49c3-9cb3-dc6ece8c0f08,"Creature",0.49,not owned,"Vigilance Creatures can't attack you or planeswalkers you control unless their controller pays {1} for each of those creatures.
1,Branch of Vitu-Ghazi,Murders at Karlov Manor,mkm,Land,"",default,Normal,258,0.21,"",0,uncommon,73a8169f-b858-47a5-9c76-2e7c50ad4ecd,"Land",0.13,not owned,"{T}: Add {C}. Disguise {3} (You may cast this card face down for {3} as a 2/2 creature with ward {2}. Turn it face up any time for its disguise cost.) When this land is turned face up, add two mana of any one color. Until end of turn, you don't lose this mana as steps and phases end.
1,Buried in the Garden,Murders at Karlov Manor,mkm,Removal,"",default,Normal,191,0.29,"White,Green",4,uncommon,7e144609-e1f6-4bdc-8d14-b735ef4140d3,"Enchantment",0.08,not owned,"Enchant land When this Aura enters, exile target nonland permanent you don't control until this Aura leaves the battlefield. Whenever enchanted land is tapped for mana, its controller adds an additional one mana of any color.
1,Call a Surprise Witness,Murders at Karlov Manor,mkm,Recursion,"",default,Normal,6,0.11,"White",2,uncommon,f5148def-cf1a-460e-8dfd-856103940892,"Sorcery",0.24,not owned,"Return target creature card with mana value 3 or less from your graveyard to the battlefield. Put a flying counter on it. It's a Spirit in addition to its other types.
1,Canopy Vista,Bloomburrow Commander,blc,Land,"",default,Normal,296,0.1,"",0,rare,9ed2a7c6-aa51-4b0e-a2d7-5f8d12c42e78,"Land",0.25,not owned,"({T}: Add {G} or {W}.) This land enters tapped unless you control two or more basic lands.
1,Cartographer's Hawk,Commander Masters,cmm,Ramp,"",default,Normal,18,0.25,"White",2,uncommon,12d0b07f-9823-45b7-89bb-0a2a71833d46,"Creature",0.23,own exact edition,"Flying When this creature deals combat damage to a player who controls more lands than you, return it to its owner's hand. If you do, you may search your library for a Plains card, put it onto the battlefield tapped, then shuffle.
1,Cave of the Frost Dragon,Adventures in the Forgotten Realms,afr,Land,"",default,Normal,253,0.2,"",0,rare,bdb41396-5008-4a5f-92ca-54ecac42e926,"Land",0.62,not owned,"If you control two or more other lands, this land enters tapped. {T}: Add {W}. {4}{W}: This land becomes a 3/4 white Dragon creature with flying until end of turn. It's still a land.
1,Command Tower,Duskmourn: House of Horror Commander,dsc,Land,"",default,Normal,96,0.38,"",0,common,129d1bbd-83ad-4953-bf6d-b55989b2529c,"Land",0.15,own different edition,"{T}: Add one mana of any color in your commander's color identity.
1,Commander's Sphere,Duskmourn: House of Horror Commander,dsc,Ramp,"",default,Normal,244,0.17,"",3,common,a4ce6b63-0b38-4582-94d5-c733af087038,"Artifact",0.13,own different edition,"{T}: Add one mana of any color in your commander's color identity. Sacrifice this artifact: Draw a card.
1,Conclave Cavalier,Ravnica Remastered,rvr,Tokens,"",default,Normal,173,0.19,"White,Green",4,uncommon,084d80d4-c675-4f2a-97ce-ec0b401ecadf,"Creature",0.02,not owned,"Vigilance When this creature dies, create two 2/2 green and white Elf Knight creature tokens with vigilance.
1,Cosmic Rebirth,March of the Machine: The Aftermath,mat,Recursion,"",default,Normal,28,0.26,"White,Green",3,uncommon,7fcb225c-d18f-4b84-b2fc-91ed84ec30aa,"Instant",1.00,not owned,"Choose target permanent card in your graveyard. If it has mana value 3 or less, you may put it onto the battlefield. If you don't put it onto the battlefield, put it into your hand. You gain 3 life.
1,"Darien, King of Kjeldor",Murders at Karlov Manor Commander,mkc,Tokens,"",default,Normal,59,0.38,"White",6,rare,50875c99-c5c3-41dd-a0f9-08c98edfebc9,"Creature",0.38,not owned,"Whenever you're dealt damage, you may create that many 1/1 white Soldier creature tokens.
1,Dauntless Dismantler,The Lost Caverns of Ixalan,lci,Stax,"",default,Normal,8,0.41,"White",2,uncommon,3d771631-0aab-4f09-b9a6-49b6b2d8d2aa,"Creature",0.12,own exact edition,"Artifacts your opponents control enter tapped. {X}{X}{W}, Sacrifice this creature: Destroy each artifact with mana value X.
1,Demolition Field,Outlaws of Thunder Junction Commander,otc,Land,"",default,Normal,283,0.26,"",0,uncommon,47994cb6-204a-4fbe-a9d4-5798a70c95ab,"Land",0.49,not owned,"{T}: Add {C}. {2}, {T}, Sacrifice this land: Destroy target nonbasic land an opponent controls. That land's controller may search their library for a basic land card, put it onto the battlefield, then shuffle. You may search your library for a basic land card, put it onto the battlefield, then shuffle.
1,Dog Umbra,Modern Horizons 3,mh3,Protection,"",default,Normal,22,0.28,"White",2,common,8d4ba710-eddb-40ca-b2fe-0e4e778aab9c,"Enchantment",0.03,not owned,"Flash Enchant creature As long as another player controls enchanted creature, it can't attack or block. Otherwise, this Aura has umbra armor. (If enchanted creature would be destroyed, instead remove all damage from it and destroy this Aura.)
1,Dust Bowl,Breaking News,otp,Land,"",default,Normal,65,0.44,"",0,rare,18d24d9a-a49e-4ce8-9158-03fe4cea39e2,"Land",1.59,not owned,"{T}: Add {C}. {3}, {T}, Sacrifice a land: Destroy target nonbasic land.
1,Elvish Rejuvenator,Outlaws of Thunder Junction Commander,otc,Ramp,"",default,Normal,191,0.43,"Green",3,common,03ef5cff-2e2b-4096-8310-4c5aabcb0eac,"Creature",0.04,not owned,"When this creature enters, look at the top five cards of your library. You may put a land card from among them onto the battlefield tapped. Put the rest on the bottom of your library in a random order.
1,Emergence Zone,War of the Spark,war,Land,"",default,Normal,245,0.19,"",0,uncommon,ab95f6e7-b806-47fe-a071-6c38b3176d94,"Land",2.23,not owned,"{T}: Add {C}. {1}, {T}, Sacrifice this land: You may cast spells this turn as though they had flash.
1,Exotic Orchard,Duskmourn: House of Horror Commander,dsc,Land,"",default,Normal,275,0.14,"",0,rare,a0e58240-0a3e-4abf-b296-b97045de4677,"Land",0.25,own different edition,"{T}: Add one mana of any color that a land an opponent controls could produce.
1,Ezuri's Predation,Duskmourn: House of Horror Commander,dsc,Removal,"",default,Normal,178,0.39,"Green",8,rare,9a6cd6f6-ae6e-4a77-95ca-64c6882357d5,"Sorcery",2.39,not owned,"For each creature your opponents control, create a 4/4 green Phyrexian Beast creature token. Each of those tokens fights a different one of those creatures.
1,Flare of Cultivation,Modern Horizons 3,mh3,Ramp,"",default,Normal,154,0.19,"Green",3,rare,bda2fa87-81c0-41ac-8831-556ce392c058,"Sorcery",0.66,not owned,"You may sacrifice a nontoken green creature rather than pay this spell's mana cost. Search your library for up to two basic land cards, reveal those cards, put one onto the battlefield tapped and the other into your hand, then shuffle.
7,Forest,Aetherdrift,dft,Land,"",default,Normal,290,0.7,"",0,common,6472e2a6-287f-4e7c-ad85-1454e40d4a46,"Land",0.15,own different edition,"({T}: Add {G}.)
1,Frodo Baggins,The Lord of the Rings: Tales of Middle-earth,ltr,Draw,"",default,Normal,205,0.11,"White,Green",2,uncommon,de1c0399-9db8-4901-b72e-0010eb9b92b0,"Creature",0.05,not owned,"Whenever Frodo Baggins or another legendary creature you control enters, the Ring tempts you. As long as Frodo Baggins is your Ring-bearer, it must be blocked if able.
1,"Fynn, the Fangbearer",Kaldheim,khm,Infect,"",default,Normal,170,1.15,"Green",2,uncommon,7d7a8a90-13c1-4b0c-ab2e-fc8d91ccefd9,"Creature",0.39,not owned,"Deathtouch (Any amount of damage this deals to a creature is enough to destroy it.) Whenever a creature you control with deathtouch deals combat damage to a player, that player gets two poison counters. (A player with ten or more poison counters loses the game.)
1,Garruk's Uprising,Bloomburrow Commander,blc,Draw,"",default,Normal,219,0.32,"Green",3,uncommon,0d229647-ffe9-4428-b4d6-a318108fc550,"Enchantment",0.49,not owned,"When this enchantment enters, if you control a creature with power 4 or greater, draw a card. Creatures you control have trample. (Each of those creatures can deal excess combat damage to the player or planeswalker it's attacking.) Whenever a creature you control with power 4 or greater enters, draw a card.
1,Glorious Sunrise,Innistrad: Crimson Vow,vow,Draw,"",default,Normal,200,0.22,"Green",5,rare,a2caf73e-c3eb-4fa8-996a-d3d18b2ffaeb,"Enchantment",0.88,not owned,"At the beginning of combat on your turn, choose one — • Creatures you control get +1/+1 and gain trample until end of turn. • Target land gains ""{T}: Add {G}{G}{G}"" until end of turn. • Draw a card if you control a creature with power 3 or greater. • You gain 3 life.
1,Harmonize,Duskmourn: House of Horror Commander,dsc,Draw,"",default,Normal,182,0.12,"Green",4,uncommon,839b9c4c-0752-4d4f-abbb-ec2c9f9e55fa,"Sorcery",0.28,not owned,"Draw three cards.
1,"Heliod, God of the Sun",Commander Masters,cmm,Tokens,"",default,Normal,826,0.32,"White",4,mythic,b83e9693-4996-498c-95f7-884d40341298,"Creature,Enchantment",2.67,not owned,"Indestructible As long as your devotion to white is less than five, Heliod isn't a creature. (Each {W} in the mana costs of permanents you control counts toward your devotion to white.) Other creatures you control have vigilance. {2}{W}{W}: Create a 2/1 white Cleric enchantment creature token.
1,Horn of the Mark,The Lord of the Rings: Tales of Middle-earth,ltr,Draw,"",default,Normal,241,0.28,"",2,rare,dd86b71f-d736-426f-bf15-013bc8da1a08,"Artifact",0.49,not owned,"Whenever two or more creatures you control attack a player, look at the top five cards of your library. You may reveal a creature card from among them and put it into your hand. Put the rest on the bottom of your library in a random order.
1,Jazal Goldmane,Bloomburrow Commander,blc,Anthem,"",default,Normal,142,0.2,"White",4,rare,eb9666d0-2100-40e0-a065-165ccc5c0d28,"Creature",0.19,not owned,"First strike (This creature deals combat damage before creatures without first strike.) {3}{W}{W}: Attacking creatures you control get +X/+X until end of turn, where X is the number of attacking creatures.
1,"Kolvori, God of Kinship // The Ringhart Crest",Kaldheim,khm,Ramp,"",default,Normal,181,0.14,"Green",4,rare,b76bed98-30b1-4572-b36c-684ada06826c,"Creature,Artifact",0.26,not owned,"As long as you control three or more legendary creatures, Kolvori gets +4/+2 and has vigilance. {1}{G}, {T}: Look at the top six cards of your library. You may reveal a legendary creature card from among them and put it into your hand. Put the rest on the bottom of your library in a random order. // As The Ringhart Crest enters, choose a creature type. {T}: Add {G}. Spend this mana only to cast a creature spell of the chosen type or a legendary creature spell.
1,Krosan Verge,Outlaws of Thunder Junction Commander,otc,Land,"",default,Normal,304,0.12,"",0,uncommon,19fc5bec-f877-430c-8e83-e6c5fe97f3c4,"Land",0.15,not owned,"This land enters tapped. {T}: Add {C}. {2}, {T}, Sacrifice this land: Search your library for a Forest card and a Plains card, put them onto the battlefield tapped, then shuffle.
1,"Kudo, King Among Bears",Modern Horizons 3,mh3,Anthem,"",default,Normal,192,0.55,"White,Green",2,rare,585e4e02-4873-4a65-a9ad-30cf0d5b6f79,"Creature",0.13,not owned,"Other creatures have base power and toughness 2/2 and are Bears in addition to their other types.
1,Layla Hassan,Assassin's Creed,acr,Recursion,"",default,Normal,7,0.21,"White",4,rare,2278d97e-791a-4843-a385-65bac79bde7a,"Creature",0.25,not owned,"First strike When Layla Hassan enters and whenever one or more Assassins you control deal combat damage to a player, return target historic card from your graveyard to your hand.
1,Lignify,Tales of Middle-earth Commander,ltc,Removal,"",default,Normal,252,0.42,"Green",2,common,dc738689-2ed8-45e1-bdd4-c9d8450e2589,"Enchantment,Kindred",0.54,not owned,"Enchant creature Enchanted creature is a Treefolk with base power and toughness 0/4 and loses all abilities.
1,Loran of the Third Path,Bloomburrow Commander,blc,Removal,"",default,Normal,143,0.3,"White",3,rare,647e6b32-c755-4700-b151-6a174dbb2bd0,"Creature",4.22,not owned,"Vigilance When Loran enters, destroy up to one target artifact or enchantment. {T}: You and target opponent each draw a card.
1,Lush Portico,Murders at Karlov Manor,mkm,Land,"",default,Normal,263,0.18,"",0,rare,c17816e8-28b1-4295-a637-efb0e5c18873,"Land",6.03,not owned,"({T}: Add {G} or {W}.) This land enters tapped. When this land enters, surveil 1. (Look at the top card of your library. You may put it into your graveyard.)
1,Mana Reflection,Double Masters,2xm,Ramp,"",default,Normal,175,0.6,"Green",6,rare,81e0d739-990f-4ba5-b456-165c033014cf,"Enchantment",2.80,not owned,"If you tap a permanent for mana, it produces twice as much of that mana instead.
1,"Mangara, the Diplomat",Bloomburrow Commander,blc,Draw,"",default,Normal,145,0.45,"White",4,mythic,26f0d639-9d7f-4a90-bbfd-f942bd59a89b,"Creature",0.70,not owned,"Lifelink Whenever an opponent attacks with creatures, if two or more of those creatures are attacking you and/or planeswalkers you control, draw a card. Whenever an opponent casts their second spell each turn, draw a card.
1,Mirror of Galadriel,The Lord of the Rings: Tales of Middle-earth,ltr,Draw,"",default,Normal,244,0.24,"",2,uncommon,bc95036f-98f2-4ea7-93bb-542ad7064540,"Artifact",0.04,not owned,"{5}, {T}: Scry 1, then draw a card. This ability costs {1} less to activate for each legendary creature you control.
1,Monumental Henge,Modern Horizons 3,mh3,Land,"",default,Normal,222,0.12,"",0,rare,62907e7b-e531-4f51-9a69-7e60ae525775,"Land",0.47,not owned,"This land enters tapped unless you control a Plains. {T}: Add {W}. {2}{W}{W}, {T}: Look at the top five cards of your library. You may reveal a historic card from among them and put it into your hand. Put the rest on the bottom of your library in a random order. (Artifacts, legendaries, and Sagas are historic.)
1,Moon-Blessed Cleric,Duskmourn: House of Horror Commander,dsc,Tutor,"",default,Normal,69,0.23,"White",3,uncommon,0555e095-8c6f-4436-80fe-99b641fad2df,"Creature",0.29,not owned,"Divine Intervention — When this creature enters, you may search your library for an enchantment card, reveal it, then shuffle and put that card on top.
1,Myriad Landscape,Duskmourn: House of Horror Commander,dsc,Land,"",default,Normal,289,0.01,"",0,uncommon,9a8b2950-8c5d-45ad-b2ce-59d96eca1e71,"Land",0.18,own different edition,"This land enters tapped. {T}: Add {C}. {2}, {T}, Sacrifice this land: Search your library for up to two basic land cards that share a land type, put them onto the battlefield tapped, then shuffle.
1,Nightshade Dryad,Modern Horizons 3,mh3,Ramp,"",default,Normal,163,0.25,"Green",2,common,71f9252d-241f-45ea-9d80-663150963b59,"Creature",0.17,not owned,"Deathtouch {T}: Add {C}. {T}: Add one mana of any color.
1,"Odric, Lunarch Marshal",Dominaria United Commander,dmc,Anthem,"",default,Normal,103,0.35,"White",4,rare,a2d5c9f2-8f58-40ac-a01c-f4ac4ab4d7f0,"Creature",0.29,not owned,"At the beginning of each combat, creatures you control gain first strike until end of turn if a creature you control has first strike. The same is true for flying, deathtouch, double strike, haste, hexproof, indestructible, lifelink, menace, reach, skulk, trample, and vigilance.
1,"Odric, Master Tactician",Commander Masters,cmm,Evasion,"",default,Normal,46,0.48,"White",4,rare,13bfcec9-a789-41f1-aa3d-4e4cdd7555b2,"Creature",0.20,own exact edition,"First strike (This creature deals combat damage before creatures without first strike.) Whenever Odric and at least three other creatures attack, you choose which creatures block this combat and how those creatures block.
1,Ohran Frostfang,Outlaws of Thunder Junction Commander,otc,Draw,"",default,Normal,199,0.52,"Green",5,rare,0693bcd2-8a3d-4dcf-8360-5b9891044dfe,"Creature",5.50,not owned,"Attacking creatures you control have deathtouch. Whenever a creature you control deals combat damage to a player, draw a card.
1,Path to Exile,Bloomburrow Commander,blc,Removal,"",default,Normal,147,0.44,"White",1,uncommon,a5b070f2-f2f2-4ccd-9a4b-d19ea01b2298,"Instant",1.45,own different edition,"Exile target creature. Its controller may search their library for a basic land card, put that card onto the battlefield tapped, then shuffle.
8,Plains,Aetherdrift,dft,Land,"",default,Normal,277,0.31,"",0,common,464723b3-0723-45f2-a258-32d098c39039,"Land",0.10,own different edition,"({T}: Add {W}.)
1,Primal Command,Modern Masters 2017,mm3,Tutor,"",default,Normal,132,0.81,"Green",5,rare,92144021-7425-44e1-a32b-13252f1b7036,"Sorcery",0.15,not owned,"Choose two — • Target player gains 7 life. • Put target noncreature permanent on top of its owner's library. • Target player shuffles their graveyard into their library. • Search your library for a creature card, reveal it, put it into your hand, then shuffle.
1,Primordial Sage,Jumpstart,jmp,Draw,"",default,Normal,422,0.19,"Green",6,rare,4b0d8dec-e139-4565-9259-3c24c54c1d45,"Creature",0.60,not owned,"Whenever you cast a creature spell, you may draw a card.
1,Radagast the Brown,The Lord of the Rings: Tales of Middle-earth,ltr,Draw,"",default,Normal,184,0.46,"Green",4,mythic,b3988120-ebbe-4d24-9bb4-8c5331a14034,"Creature",1.15,not owned,"Whenever Radagast or another nontoken creature you control enters, look at the top X cards of your library, where X is that creature's mana value. You may reveal a creature card that doesn't share a creature type with a creature you control from among those cards and put it into your hand. Put the rest on the bottom of your library in a random order.
1,Radiant Grove,Dominaria United,dmu,Land,"",default,Normal,253,0.11,"",0,common,e0f9dca6-e5ae-4714-8a59-2ef1d8f1e82d,"Land",0.10,not owned,"({T}: Add {G} or {W}.) This land enters tapped.
1,Rampant Frogantua,Modern Horizons 3 Commander,m3c,Mill,"",default,Normal,118,0.28,"Green",3,rare,40dd0261-2b45-4ac5-9b95-8769bcb91d0b,"Creature",0.30,not owned,"Trample This creature gets +10/+10 for each player who has lost the game. Whenever this creature deals combat damage to a player, you may mill that many cards. Put any number of land cards from among them onto the battlefield tapped.
1,Rampant Growth,Foundations Jumpstart,j25,Ramp,"",default,Normal,704,0.19,"Green",2,common,ec480124-3f27-416e-b561-3ffcfe496959,"Sorcery",0.49,not owned,"Search your library for a basic land card, put that card onto the battlefield tapped, then shuffle.
1,Razorgrass Ambush // Razorgrass Field,Modern Horizons 3,mh3,Removal,"",default,Normal,238,0.07,"White",2,uncommon,57065dca-f90e-4184-bbc4-95d726a4160b,"Instant,Land",0.42,not owned,"Razorgrass Ambush deals 3 damage to target attacking or blocking creature. // As this land enters, you may pay 3 life. If you don't, it enters tapped. {T}: Add {W}.
1,Reprieve,The Lord of the Rings: Tales of Middle-earth,ltr,Removal,"",default,Normal,26,0.34,"White",2,uncommon,1bd3fa8a-6c50-4f7f-9ae3-0810eec5e3db,"Instant",0.78,not owned,"Return target spell to its owner's hand. Draw a card.
1,Restless Prairie,The Lost Caverns of Ixalan,lci,Land,"",default,Normal,281,0.04,"",0,rare,f94ef116-6aff-4f53-a7f9-be5e21c7afa4,"Land",0.30,not owned,"This land enters tapped. {T}: Add {G} or {W}. {2}{G}{W}: This land becomes a 3/3 green and white Llama creature until end of turn. It's still a land. Whenever this land attacks, other creatures you control get +1/+1 until end of turn.
1,Scavenger Grounds,Outlaws of Thunder Junction Commander,otc,Land,"",default,Normal,316,0.32,"",0,rare,707d733d-2928-4215-91d2-1340fc9ee903,"Land",0.49,not owned,"{T}: Add {C}. {2}, {T}, Sacrifice a Desert: Exile all graveyards.
1,Selesnya Guildgate,Ravnica: Clue Edition,clu,Land,"",default,Normal,245,0.04,"",0,common,b48471b4-fb3f-4910-b2d0-5c08cfd44f51,"Land",0.25,not owned,"This land enters tapped. {T}: Add {G} or {W}.
1,Selesnya Sanctuary,Ravnica: Clue Edition,clu,Land,"",default,Normal,246,0.11,"",0,common,fdc53c6a-8e28-4314-9bcf-b31b6c6f56d7,"Land",0.12,not owned,"This land enters tapped. When this land enters, return a land you control to its owner's hand. {T}: Add {G}{W}.
1,"Selvala, Explorer Returned",Bloomburrow Commander,blc,Ramp,"",default,Normal,259,0.27,"White,Green",3,rare,69195842-c7ce-477b-a04f-06412aff382a,"Creature",0.21,not owned,"Parley — {T}: Each player reveals the top card of their library. For each nonland card revealed this way, add {G} and you gain 1 life. Then each player draws a card.
1,"Shanna, Sisay's Legacy",Dominaria,dom,Tokens,"",default,Normal,204,0.35,"White,Green",2,uncommon,b90df81c-d738-46b3-8e96-9db0b3507ee0,"Creature",0.25,not owned,"Shanna can't be the target of abilities your opponents control. Shanna gets +1/+1 for each creature you control.
1,Silverback Elder,Dominaria United,dmu,Removal,"",default,Normal,177,0.56,"Green",5,mythic,b987664f-0b74-4c0a-b306-14767a55559a,"Creature",4.75,not owned,"Whenever you cast a creature spell, choose one — • Destroy target artifact or enchantment. • Look at the top five cards of your library. You may put a land card from among them onto the battlefield tapped. Put the rest on the bottom of your library in a random order. • You gain 4 life.
1,Skullwinder,Outlaws of Thunder Junction Commander,otc,Recursion,"",default,Normal,207,0.17,"Green",3,uncommon,e820c022-c3a8-4c98-a60b-1fb105d38937,"Creature",0.03,not owned,"Deathtouch When this creature enters, return target card from your graveyard to your hand, then choose an opponent. That player returns a card from their graveyard to their hand.
1,Sprouting Renewal,Ravnica Remastered,rvr,Removal,"",default,Normal,157,0.05,"Green",3,common,e0b32db8-1c8c-4109-a051-0b61eda1da35,"Sorcery",0.02,not owned,"Convoke (Your creatures can help cast this spell. Each creature you tap while casting this spell pays for {1} or one mana of that creature's color.) Choose one — • Create a 2/2 green and white Elf Knight creature token with vigilance. • Destroy target artifact or enchantment.
1,Stormkeld Vanguard // Bear Down,Wilds of Eldraine,woe,Removal,"",default,Normal,187,0.22,"Green",6,uncommon,bacb1fe5-0adf-461f-b698-9d09a8728c63,"Creature,Sorcery",0.12,not owned,"This creature can't be blocked by creatures with power 2 or less. // Destroy target artifact or enchantment. (Then exile this card. You may cast the creature later from exile.)
1,Sungrass Prairie,Bloomburrow Commander,blc,Land,"",default,Normal,334,0.05,"",0,rare,dc653d50-bce2-45f9-b3ee-6170d500d572,"Land",0.13,not owned,"{1}, {T}: Add {G}{W}.
1,Tamiyo's Safekeeping,Kamigawa: Neon Dynasty,neo,Protection,"",default,Normal,211,0.31,"Green",1,common,fd4b7ee2-de65-4288-872d-486065a4f226,"Instant",3.73,not owned,"Target permanent you control gains hexproof and indestructible until end of turn. You gain 2 life. (A permanent with hexproof and indestructible can't be the target of spells or abilities your opponents control. Damage and effects that say ""destroy"" don't destroy it.)
1,Tangled Florahedron // Tangled Vale,Zendikar Rising,znr,Ramp,"",default,Normal,211,0.1,"Green",2,uncommon,235d1ffc-72aa-40a2-95dc-3f6a8d495061,"Creature,Land",0.43,not owned,"{T}: Add {G}. // This land enters tapped. {T}: Add {G}.
1,Temple of Plenty,Bloomburrow Commander,blc,Land,"",default,Normal,343,0.2,"",0,rare,ae61f7c7-870a-4bf7-af05-8fb077a10104,"Land",0.18,not owned,"This land enters tapped. When this land enters, scry 1. (Look at the top card of your library. You may put that card on the bottom.) {T}: Add {G} or {W}.
1,Tempt with Discovery,Bloomburrow Commander,blc,Ramp,"",default,Normal,124,0.62,"Green",4,rare,580bbd5b-795e-41fe-b061-579c42218670,"Sorcery",1.30,not owned,"Tempting offer — Search your library for a land card and put it onto the battlefield. Each opponent may search their library for a land card and put it onto the battlefield. For each opponent who searches a library this way, search your library for a land card and put it onto the battlefield. Then each player who searched a library this way shuffles.
1,Terramorph,Commander Legends: Battle for Baldur's Gate,clb,Ramp,"",default,Normal,836,0.1,"Green",4,uncommon,47c7b2ac-1263-402a-b2a0-bc31f61e66b5,"Sorcery",0.14,not owned,"Search your library for a basic land card, put it onto the battlefield, then shuffle. Rebound (If you cast this spell from your hand, exile it as it resolves. At the beginning of your next upkeep, you may cast this card from exile without paying its mana cost.)
1,"Thalia, Guardian of Thraben",Innistrad: Crimson Vow,vow,Stax,"",default,Normal,38,1.02,"White",2,rare,c9f8b8fb-1cd8-450e-a1fe-892e7a323479,"Creature",0.53,not owned,"First strike Noncreature spells cost {1} more to cast.
1,The Hunter Maze,Phyrexia: All Will Be One,one,Land,"",default,Normal,253,0.08,"",0,common,6389c242-2139-4f12-af30-2b080a1c5e83,"Land",0.02,own exact edition,"This land enters tapped. {T}: Add {G}. {1}{G}, {T}, Sacrifice this land: Draw a card.
1,Threats Undetected,Dominaria United,dmu,Tutor,"",default,Normal,185,0.45,"Green",3,rare,99545c3e-0710-48d3-8558-046bd66f225c,"Sorcery",0.35,not owned,"Search your library for up to four creature cards with different powers and reveal them. An opponent chooses two of those cards. Shuffle the chosen cards into your library and put the rest into your hand.
1,"Thrun, Breaker of Silence",Phyrexia: All Will Be One,one,Protection,"",default,Normal,186,0.93,"Green",5,rare,6d9f51dd-0393-4b3c-bea5-8f74634ab0e5,"Creature",0.72,not owned,"This spell can't be countered. Trample Thrun can't be the target of nongreen spells your opponents control or abilities from nongreen sources your opponents control. During your turn, Thrun has indestructible.
1,Thunderous Debut,Wilds of Eldraine,woe,Draw,"",default,Normal,190,0.5,"Green",8,rare,d98f51ec-8eae-434a-ab62-85bdb6586fa2,"Sorcery",0.10,not owned,"Bargain (You may sacrifice an artifact, enchantment, or token as you cast this spell.) Look at the top twenty cards of your library. You may reveal up to two creature cards from among them. If this spell was bargained, put the revealed cards onto the battlefield. Otherwise, put the revealed cards into your hand. Then shuffle.
1,"Trostani, Three Whispers",Murders at Karlov Manor,mkm,Commander,"",default,Normal,238,0.11,"White,Green",3,mythic,329f3aca-6db7-41d3-95b2-c479d14b7fa3,"Creature",0.67,not owned,"{1}{G}: Target creature gains deathtouch until end of turn. {G/W}: Target creature gains vigilance until end of turn. {2}{W}: Target creature gains double strike until end of turn.
1,Unexplained Absence,Murders at Karlov Manor Commander,mkc,Removal,"",default,Normal,17,0.35,"White",4,rare,78f526d3-1e1f-4430-9824-ad377fd0d312,"Instant",0.39,not owned,"For each player, exile up to one target nonland permanent that player controls. For each permanent exiled this way, its controller cloaks the top card of their library. (To cloak a card, put it onto the battlefield face down as a 2/2 creature with ward {2}. Turn it face up any time for its mana cost if it's a creature card.)
1,Urza's Ruinous Blast,Commander Masters,cmm,Removal,"",default,Normal,842,0.78,"White",5,rare,76b10977-64eb-4a50-a481-d67cc2950f56,"Sorcery",0.51,not owned,"(You may cast a legendary sorcery only if you control a legendary creature or planeswalker.) Exile all nonland permanents that aren't legendary.
1,Viewpoint Synchronization,Assassin's Creed,acr,Ramp,"",default,Normal,43,0.28,"Green",5,uncommon,b0f10999-c7c2-462e-bd75-e3710f7a3364,"Sorcery",0.28,not owned,"Freerunning {2}{G} (You may cast this spell for its freerunning cost if you dealt combat damage to a player this turn with an Assassin or commander.) Search your library for up to three basic land cards and reveal them. Put two of them onto the battlefield tapped and the other into your hand, then shuffle.
1,War of the Last Alliance,The Lord of the Rings: Tales of Middle-earth,ltr,Tutor,"",default,Normal,36,0.21,"White",4,rare,60ddf2cd-5b33-4c8a-a610-8e6a15404dde,"Enchantment",0.60,not owned,"(As this Saga enters and after your draw step, add a lore counter. Sacrifice after III.) I, II — Search your library for a legendary creature card, reveal it, put it into your hand, then shuffle. III — Creatures you control gain double strike until end of turn. The Ring tempts you.
1,Wasteland Viper,Ravnica Remastered,rvr,Removal,"",default,Normal,160,0.2,"Green",1,uncommon,45f20aa9-a498-45f5-8fa5-c40bf5249414,"Creature",0.22,not owned,"Deathtouch Bloodrush — {G}, Discard this card: Target attacking creature gets +1/+2 and gains deathtouch until end of turn.
1,"Wilson, Refined Grizzly",Commander Legends: Battle for Baldur's Gate,clb,Evasion,"",default,Normal,261,0.27,"Green",2,uncommon,dfe0daf8-43da-484b-baa1-76f8313c5a0c,"Creature",0.17,not owned,"This spell can't be countered. Vigilance, reach, trample Ward {2} (Whenever this creature becomes the target of a spell or ability an opponent controls, counter it unless that player pays {2}.) Choose a Background (You can have a Background as a second commander.)
