Quantity,Name,Category,Colors,Mana Value,Scryfall ID,Types,Mana cost
"1,Abstergo Entertainment,Land,"""",0,4d197866-7633-493c-80dd-ec3a09165934,""Land"""
"1,Acidic Slime,Removal,""Green"",5,7dfeb1d1-7b2d-4235-902f-22a62af5dc0f,""Creature"",3GG"
"1,Aetherize,Removal,""Blue"",4,1e5530fc-0291-4a17-b048-c5d24e6f51d8,""Instant"",3U"
"1,""Aeve, Progenitor Ooze"",Maybeboard,""Green"",5,75a03422-4106-4d06-b26a-06b1e3b0cb2a,""Creature"",2GGG"
"1,Airship Crash,Removal,""Green"",3,ec91c4e4-711f-464d-bc83-e6813f4fdcdb,""Instant"",2G"
"1,Arcane Epiphany,Draw,""Blue"",5,06431793-5dfe-4cbf-990b-4bcc960d1f31,""Instant"",3UU"
"1,Archdruid's Charm,Maybeboard,""Green"",3,5caae5ae-845f-42c2-b1ae-956df2739433,""Instant"",GGG"
"1,Archmage Emeritus,Draw,""Blue"",4,e85c555a-f034-4c79-92d8-610527d16529,""Creature"",2UU"
"1,Arena,Maybeboard,"""",0,2a972559-249a-4a35-92e6-71e7e0474c9d,""Land"""
"1,Bala Ged Recovery // Bala Ged Sanctuary,Maybeboard,""Green"",3,07aaa125-4ae8-47d9-8d22-194a9f84bad8,""Sorcery,Land"",2G // "
"1,""Balamb Garden, SeeD Academy // Balamb Garden, Airborne"",Land,"""",0,001e9f20-5b15-41cb-bf82-46172decc235,""Land,Artifact"", // "
"1,Bane of Progress,Removal,""Green"",6,54c98a43-d358-4bb5-ba65-dff25c2f12ea,""Creature"",4GG"
"1,Behold the Multiverse,Draw,""Blue"",4,27855a38-a682-4f97-ad22-ac625e86faec,""Instant"",3U"
"1,Bewildering Blizzard,Draw,""Blue"",6,91b25843-1aa0-484a-b6c7-0c284fe7214a,""Instant"",4UU"
"1,Biowaste Blob,Maybeboard,""Green"",4,8bbf476f-ccc8-42ac-8d01-64bb85552acd,""Creature"",2GG"
"1,Bloomvine Regent // Claim Territory,Ramp,""Green"",5,10e0a9a3-f63a-4f92-a083-9d181580e498,""Creature,Sorcery"",3GG // 2G"
"1,Boon of the Wish-Giver,Draw,""Blue"",6,bf2fa3fd-f6d9-4c23-9025-9b8b72da32dc,""Sorcery"",4UU"
"1,Bridgeworks Battle // Tanglespan Bridgeworks,Land,""Green"",3,ebef3db0-2b58-4581-a79c-fbca9a059e63,""Sorcery,Land"",2G // "
"1,Celebrate the Harvest,Ramp,""Green"",4,70432583-33c1-4d1a-bb94-765f6d71fed3,""Sorcery"",3G"
"1,Chrome Host Seedshark,Maybeboard,""Blue"",3,04e02176-16ee-4676-8b33-cedebdb18cbc,""Creature"",2U"
"1,Colossal Skyturtle,Maybeboard,""Green,Blue"",7,f40bd797-4d12-4098-a1a8-d7e5b7b82ac9,""Creature,Enchantment"",4GGU"
"1,Cosmium Confluence,Maybeboard,""Green"",5,490a5054-0607-4e4a-a0a9-0e9eea7adb00,""Sorcery"",4G"
"1,Cultivate,Ramp,""Green"",3,4d36559d-3b91-46e4-bc39-c489842adcbf,""Sorcery"",2G"
"1,Cycle of Renewal,Ramp,""Green"",3,233f4a05-057b-48f4-8f56-8d4a060a40e4,""Instant"",2G"
"1,Dark Depths,Land,"""",0,13a4a3e6-77d4-453e-9978-68352fcf8d29,""Land"""
"1,Demolition Field,Land,"""",0,7f6d8cae-face-4bff-8c0a-348cefe1e9dd,""Land"""
"1,Disciple of Freyalise // Garden of Freyalise,Land,""Green"",6,a8e9ea5a-5e10-4b77-baef-0352ff035483,""Creature,Land"",3GGG // "
"1,Drowner of Truth // Drowned Jungle,Land,"""",7,7a1d3c1d-1373-4ac4-bb26-9780976efc4f,""Creature,Land"",5G,UG,U // "
"1,Earthbender Ascension,Maybeboard,""Green"",3,590a58ab-5e98-4031-8aa6-ce396dc1429f,""Enchantment"",2G"
"1,Enduring Vitality,Maybeboard,""Green"",3,9d76a30c-0431-4334-892a-9822dda9671a,""Creature,Enchantment"",1GG"
"1,Entish Restoration,Ramp,""Green"",3,cd4dbf80-187b-40e3-9e0b-526f78d9a34e,""Instant"",2G"
"1,Evolving Wilds,Land,"""",0,8c632984-5176-4c37-91df-6577cc294b85,""Land"""
"1,Experiment Kraj,Maybeboard,""Green,Blue"",6,6d938197-2557-421a-985e-5add932d4bac,""Creature"",2GGUU"
"1,Explosive Vegetation,Maybeboard,""Green"",4,ea73440b-a306-4425-84c0-5e18b6ec0516,""Sorcery"",3G"
"1,Ezuri's Predation,Maybeboard,""Green"",8,9a6cd6f6-ae6e-4a77-95ca-64c6882357d5,""Sorcery"",5GGG"
"1,Farsight Ritual,Draw,""Blue"",4,c958257e-fa70-4fa3-90a1-0497967abef3,""Instant"",2UU"
"1,Filter Out,Removal,""Blue"",3,a81a9eb1-240b-40fd-9282-0f5abec63449,""Instant"",1UU"
"1,Flooded Grove,Land,"""",0,7b280a73-9246-4da4-8fc1-a5683edd8aab,""Land"""
"1,Focus the Mind,Draw,""Blue"",5,abb0ba34-6904-4c17-a04d-ea4f12c7cf21,""Instant"",4U"
"8,Forest,Land,"""",0,b460f5f7-c7c9-400c-8419-23d614f45bf9,""Land"""
"1,Frantic Search,Maybeboard,""Blue"",3,d8c5e52d-57ae-464b-8860-7dd39ebfef64,""Instant"",2U"
"1,""Gale, Waterdeep Prodigy"",Commander,""Blue"",3,67edf31f-ed67-4617-bf73-28a939a232a7,""Creature"",2U"
"1,Gale's Redirection,Removal,""Blue"",5,1f5ddcf8-c87b-4a26-b226-8593f517a74a,""Instant"",3UU"
"1,""Gandalf, Friend of the Shire"",Draw,""Blue"",4,cc9cfcc7-be64-4871-8d52-851e43fe3305,""Creature"",3U"
"1,Garruk's Uprising,Draw,""Green"",3,b58c4033-f764-42f6-966f-b7202a2babbf,""Enchantment"",2G"
"1,Glacier Godmaw,Landfall,""Green"",7,d3291c51-e963-4970-813d-9a06a47aa71e,""Creature"",5GG"
"1,Glistening Dawn,Maybeboard,""Green"",4,5443f4f6-a549-4912-a919-69e3570a9933,""Sorcery"",2GG"
"1,Green Slime,Removal,""Green"",3,b1beaaae-9406-4beb-8e74-d278822434c7,""Creature"",2G"
"1,Harrow,Ramp,""Green"",3,3e76be46-cf81-4fef-bc5b-f87666cb0413,""Instant"",2G"
"1,Healing Technique,Maybeboard,""Green"",4,33897125-a1df-4d7a-a45a-9c049cb662f6,""Sorcery"",3G"
"1,Hieroglyphic Illumination,Draw,""Blue"",4,8cbaf939-e475-4fb6-b5cd-440632bba505,""Instant"",3U"
"1,Insidious Will,Removal,""Blue"",4,8eafb2bb-58bf-4c6b-ae8f-91bcea12c7d2,""Instant"",2UU"
"7,Island,Land,"""",0,b0da67fb-1cb2-4105-ab5c-b7c680b8116c,""Land"""
"1,Ixidron,Sideboard,""Blue"",5,c30ec372-5cf7-471c-b3fd-411095fc249a,""Creature"",3UU"
"1,""Jaheira, Friend of the Forest"",Maybeboard,""Green"",3,9f4de176-0f2e-4d8c-b3ac-ef2e626b4aac,""Creature"",2G"
"1,Jaheira's Respite,Ramp,""Green"",5,04ce0b01-7b52-4cb9-86ea-13395cf52312,""Instant"",4G"
"1,""Jidoor, Aristocratic Capital // Overture"",Land,"""",0,98b2d5b5-f85b-4c42-a0f5-a76f6af304ba,""Land,Sorcery"", // 4UU"
"1,""Keruga, the Macrosage"",Sideboard,""Green,Blue"",5,966780e5-7d74-4886-8c6b-f1ff7d44783e,""Creature"",3G,UG,U"
"1,Kishla Village,Land,"""",0,9f0ff90d-7312-44df-afc5-29c768fa7758,""Land"""
"1,Kodama's Reach,Maybeboard,""Green"",3,90c423cc-1264-4067-9c50-e7c88c68ef2d,""Sorcery"",2G"
"1,""Koma, Cosmos Serpent"",Tokens,""Green,Blue"",7,b2f23d6f-f2c8-4022-9f46-ba7fda00ef99,""Creature"",3GGUU"
"1,Llanowar Reborn,Land,"""",0,284e165e-9ab6-47fc-9685-0fb03de237df,""Land"""
"1,Master Chef,Commander,""Green"",3,b534b1cb-0cd7-4b8c-bb25-42207fcba209,""Enchantment"",2G"
"1,Meditation Pools,Land,"""",0,cc078fc6-4470-473f-9e24-d2c470e09141,""Land"""
"1,Migration Path,Maybeboard,""Green"",4,21e3dfad-69b6-416c-966b-0d9c876d22fe,""Sorcery"",3G"
"1,Mystic Sanctuary,Maybeboard,"""",0,967a6608-6e5d-40b3-b0c6-2e79b97f10ba,""Land"""
"1,Natural Reclamation,Removal,""Green"",5,70c4fc42-e5c6-438b-a4b7-1f77e818597f,""Instant"",4G"
"1,Nesting Grounds,Land,"""",0,c25ad164-4076-496d-833c-d607391b1ac8,""Land"""
"1,Neutralize,Removal,""Blue"",3,3a897be4-95e2-4fab-bd08-565afe19533b,""Instant"",1UU"
"1,Oversimplify,Maybeboard,""Green,Blue"",5,db0e1886-fe98-48a3-aa9c-8255c02c0604,""Sorcery"",3GU"
"1,Predator Ooze,Maybeboard,""Green"",3,333b3cca-ebbf-4ceb-a6a5-3d49cb2e143a,""Creature"",GGG"
"1,Press the Enemy,Removal,""Blue"",4,dfa5380a-480c-4c61-ac52-5debc49c5df9,""Instant"",2UU"
"1,Prishe's Wanderings,Ramp,""Green"",3,d6e1dee0-e2cd-4899-a3ea-7d0df717c9ab,""Instant"",2G"
"1,Prismatic Undercurrents,Ramp,""Green"",4,bb7490f2-1425-495f-b7d4-2f1e0df7490e,""Enchantment"",3G"
"1,Rain-Slicked Copse,Land,"""",0,07be68c1-1272-4209-84b9-4fff9211b23e,""Land"""
"1,Raise the Palisade,Maybeboard,""Blue"",5,bf70944c-9600-47b6-a7a6-39c7961e3e6a,""Sorcery"",4U"
"1,Recollect,Maybeboard,""Green"",3,f127214f-3e91-4988-b593-1568d0ae1718,""Sorcery"",2G"
"1,Restock,Maybeboard,""Green"",5,88afb976-bc4f-422d-878a-f08315fb93e5,""Sorcery"",3GG"
"1,Return of the Wildspeaker,Draw,""Green"",5,2fa1dac5-51ba-403e-b48b-d2c0d23a8146,""Instant"",4G"
"1,""Rishkar, Peema Renegade"",Maybeboard,""Green"",3,e81eddc2-8311-4618-849d-3717cdf83681,""Creature"",2G"
"1,Rishkar's Expertise,Maybeboard,""Green"",6,a28ab6cc-d065-495c-a76c-7996a0e4d14d,""Sorcery"",4GG"
"1,Sail into the West,Maybeboard,""Green,Blue"",4,773ebab8-09de-499c-a8e9-902f0e91bc96,""Instant"",2GU"
"1,Scavenger Grounds,Land,"""",0,a4e3f65d-8d73-4fd1-9de4-813ba6e40940,""Land"""
"1,School Daze,Draw,""Blue"",5,e5b61b9d-31a2-4e09-9612-4980bf8de708,""Instant"",3UU"
"1,Season of Gathering,Maybeboard,""Green"",6,71dd3c27-e0d5-434e-a0f3-4a95245e21c2,""Sorcery"",4GG"
"1,Seeds of Renewal,Maybeboard,""Green"",7,18bb0434-b49e-4626-bad6-06b2caef4d5d,""Sorcery"",6G"
"1,Selective Obliteration,Maybeboard,"""",5,f0c21e73-8db1-4ede-bea5-1dcd4b3cef01,""Sorcery"",3CC"
"1,Selfless Safewright,Protection,""Green"",5,ac95b1c3-9eb2-4f80-bb32-72b36817d622,""Creature"",3GG"
"1,Simic Growth Chamber,Land,"""",0,212d97c5-c144-483b-b42e-00623477e928,""Land"""
"17,Slime Against Humanity,Tokens,""Green"",3,1eb21318-d32e-4724-8908-c0d7613de2f4,""Sorcery"",2G"
"1,Sodden Verdure,Land,"""",0,fd5e526a-2507-4c3c-ad6f-98d4253962df,""Land"""
"1,Sowing Mycospawn,Ramp,"""",4,cdfadb17-76ad-4d4d-9fa7-33c4b88b4c0a,""Creature"",3G"
"1,Spellgyre,Removal,""Blue"",4,f6f6620a-1d40-429d-9a0c-aaeb62adaa71,""Instant"",2UU"
"1,Spring // Mind,Maybeboard,""Green,Blue"",9,6431d464-1f2b-42c4-ad38-67b7d0984080,""Sorcery,Instant"",2G // 4UU"
"1,Struggle for Project Purity,Draw,""Blue"",4,04c60155-9337-4ea2-b9a2-5b72d96743ff,""Enchantment"",3U"
"1,Submerge,Maybeboard,""Blue"",5,a720f867-eb3e-4b42-835a-1bdc19de8f7c,""Instant"",4U"
"1,Temperamental Oozewagg,Maybeboard,""Green"",4,6625df2e-7046-411a-ae86-c46ac0953a0b,""Creature"",3G"
"1,Temple of Mystery,Land,"""",0,3ede4ff9-b0f6-4075-b7ad-3ec90497d0f6,""Land"""
"1,Thespian's Stage,Land,"""",0,1907ce97-79d9-4623-847d-6582203e7075,""Land"""
"1,Thief of Existence,Maybeboard,"""",3,328b02ca-d8eb-401d-9c41-93f8eb909312,""Creature"",1CG"
"1,Tower of the Magistrate,Land,"""",0,0743db09-bf73-4d56-8c0c-7834cb535055,""Land"""
"1,Tranquil Thicket,Land,"""",0,7aed7d9d-d796-493e-98fd-c5b1a26621ed,""Land"""
"1,Unexpected Assistance,Draw,""Blue"",5,7b540a5f-7f1b-421a-864f-5af469556fc6,""Instant"",3UU"
"1,Vineglimmer Snarl,Land,"""",0,353758ce-419f-4f6a-93f4-42a746c4a26d,""Land"""
"1,Wash Out,Maybeboard,""Blue"",4,dc468f97-08f7-4103-898f-b14fa61b99bc,""Sorcery"",3U"
"1,Wave Goodbye,Maybeboard,""Blue"",4,45803e98-5d99-4bd9-adac-37c854649167,""Sorcery"",2UU"
"1,Whirlwing Stormbrood // Dynamic Soar,Counters,""Blue"",5,56a25eb1-bdb8-4f86-8d9a-3055ad1b2a13,""Creature,Sorcery"",4U // 2G"
"1,Wizards of Thay,Ramp,""Blue"",4,952e4e6b-fe74-4f3c-95d1-8e043f72072c,""Creature"",3U"
"1,Yavimaya Coast,Land,"""",0,9f98bf0c-74cf-49da-8b60-b2d3ac294a82,""Land"""
"1,""Zanarkand, Ancient Metropolis // Lasting Fayth"",Land,"""",0,881e4c00-3b9a-47a1-bf66-1badda994c88,""Land,Sorcery"", // 4GG"
"1,Zimone's Hypothesis,Maybeboard,""Blue"",5,ada2b522-219a-44be-98c1-83a02efdd709,""Instant"",3UU"
